https://www.bilibili.com/video/BV1xt4y1R7A8,6小时入门go语言,2023/5/19 13:22,高性能golang,18000,426,342,1359,36,"科技,计算机技术,并发,微服务,网络编程,go,mysql,golang,gin,go语言,redis,grpc"
https://www.bilibili.com/video/BV1zT411b73X,【整整300集】达摩院花196小时讲完的go语言教程（golang进阶实战）全程干货无废话,2023/5/6 0:03,AIT_快知名UP煮,4400,53,36,300,6,"计算机,编程,程序员,知识,野生技能协会,入门,go语言教程,计算机技术,golang,零基础学编程,go语言,云原生"
https://www.bilibili.com/video/BV1FF411o7zX,2023年最新版的golang教程，完整版200集，全程干货无废话，学完立即上岗《零基础入门学习go语言》！15天让你编程水平有着质的飞跃~,2023/6/28 21:32,Qt_Operator,3249,61,53,376,14,"科技,计算机技术,编程语言,golang微服务,golang项目实战,golangweb,go语言,golang,docker,golang教程,k8s,并发编程"
https://www.bilibili.com/video/BV1DN411U7Mi,【2023版】字节跳动89小时内部培训的go语言（golang）教程，java程序员转行go开发工程师必看，全套600集，就怕你不学！,2023/7/4 1:45,程序员知识库,24000,723,781,1628,81,"计算机,编程,程序员,知识,野生技能协会,知识分享官,golang开发,golang项目,go语言,go教程,go教程,go开发工程师"
https://www.bilibili.com/video/BV1p3411S7BN,老男孩教育-2023版golang语言就业班全套视频教程（golang开发/golang项目/golang实战）,2023/1/5 13:51,老男孩IT教育,13000,91,36,517,23,"计算机,编程,程序员,野生技术协会,技术宅,科技,计算机技术,it,gin框架,go语言,golang,编程开发"
https://www.bilibili.com/video/BV1H24y1i788,【不要再看那些过时的go语言教程了】2023巨献，golang零基础小白最新版全套教程(golang零基础入门/程序员转行/大学生就业）,2023/1/5 17:10,程序员知识库,7978,216,97,726,16,"计算机,编程,程序员,知识,野生技能协会,golang开发,我们都爱搞学习·第四期,go语言,java,golang,golang教程,go语言教程,java转行"
https://www.bilibili.com/video/BV1jo4y1c7Nb,【2023版】华为集团28小时内部培训的go语言（golang）教程，全套300集，全程干货讲解，就怕你不学,2023/5/4 21:05,小小粥爱喝粥,1659,37,27,117,3,"计算机,编程,程序员,知识,野生技能协会,golang入门,golang教程,go语言,golang,golang实战,golang基础,golang知识分享"
https://www.bilibili.com/video/BV1f14y1R7vi,【整整500集】字节跳动142小时讲完的go（golang）语言教程，全程干货无废话，持续更新中....（golang开发/golang项目/golang实战）,2023/7/10 22:29,小小粥爱喝粥,2448,49,5,23,2,"计算机,编程,程序员,知识,野生技能协会,知识分享官,golang开发,golang入门,golang,golang教程,go语言,golang基础"
https://www.bilibili.com/video/BV1fm4y1W7c1,【go语言-web项目实战】全网首发！高级架构师讲解gin框架网络通信im项目实战-go语言项目/go语言框架/go语言教程,2023/8/8 15:04,可以王炸嘛,2340,78,67,316,8,"计算机,编程,程序员,科技,计算机技术,知识分享官,编程语言,gin,go语言,项目实战,并发编程,web项目"
https://www.bilibili.com/video/BV16V411V78p,2023最适合自学的golang项目实战教程合集！整整300集，零基础入门go语言，学完即可就业（golang教程/golang项目/golang开发/实战）,2023/7/30 15:37,可以王炸嘛,9654,247,169,620,231,"计算机,编程,程序员,科技,计算机技术,it,java,golang,golang教程,实战教程,go语言,并发编程"
https://www.bilibili.com/video/BV1Uu411E7nE,【全套300集】字节跳动196小时讲完的go语言教程，让你自学golang少走99%的弯路！java程序员转行必看（golang教程/golang项目）,2023/8/16 17:14,云原生架构师,1293,43,31,144,6,"计算机,编程,程序员,知识,野生技能协会,知识分享官,golang面试,golang学习路线,golang工程师,java,golang,golang教程"
https://www.bilibili.com/video/BV15G4y127QN,（2023版）java程序员30小时转型golang开发，整整300集，零基础入门go语言，学完即可就业（golang教程/golang项目/golang开发）,2023/1/7 17:44,云原生架构师,19000,427,453,1456,48,"科技猎手,计算机,编程,程序员,科技,计算机技术,golang项目,golang基础教程,java,golang,golang教程,go语言"
https://www.bilibili.com/video/BV1jM4y1h7UE,成功上岸！将自己花3w买的golang编程开发教程，整整100集无偿分享给大家！go语言持续更新中！,2023/5/3 22:39,背锅的运营人,3563,39,32,304,2,"计算机,编程,程序员,知识,野生技能协会,it,编程语言,golang,go语言,编程开发,成功上岸,无偿分享"
https://www.bilibili.com/video/BV1Hv4y1J7su,golang实战高并发电商秒杀系统,2023/4/15 8:00,Mainovo,11000,165,54,1175,37,"科技,计算机技术,编程语言,系统,go,实战,电商,网站,计算机语言,web,golang,高并发"
https://www.bilibili.com/video/BV1Uh411u7rg,golang实战企业级分布式云存储系统,2023/4/5 0:56,Mainovo,8515,259,149,1063,38,"科技,计算机技术,系统,实战,教程攻略,分布式,企业级,云存储,区块链,golang,高并发,文件服务器"
https://www.bilibili.com/video/BV1Pm4y1b76u,golang分布式锁技术攻略,2023/5/26 19:25,小徐先生1212,6820,259,182,760,36,"科技,计算机技术,golang,redis,高并发,分布式锁,etcd"
https://www.bilibili.com/video/BV1ed4y1Z7bb,golang缓冲，让io效率提升10倍,2023/5/30 22:02,高性能golang,11000,299,107,543,31,"科技,计算机技术,io缓冲,缓冲,go,golang,go语言"
https://www.bilibili.com/video/BV1Rh411P7oN,golang context该怎么玩儿,2023/6/28 7:24,高性能golang,16000,392,207,681,28,"科技,计算机技术,go,golang,go语言,context"
https://www.bilibili.com/video/BV12u4y1d7zv,golang操作kafka,2023/6/19 6:00,高性能golang,5175,144,49,275,10,"科技,计算机技术,go,golang,kafka,go语言"
https://www.bilibili.com/video/BV12g4y1T7Ed,go + kafka go语言接入kafka示例,2023/4/17 23:36,忧愁善感的Tom,3049,65,32,191,11,"科技,计算机技术,go,kafka,编程开发"
https://www.bilibili.com/video/BV1iT411p7Xy,go + grpc 系列教程 第 1 集  如何使用 protobuf,2023/4/19 19:44,忧愁善感的Tom,3632,87,56,254,17,"科技,计算机技术,go,编程开发,grpc"
https://www.bilibili.com/video/BV17z4y1a7mB,grpc微服务,2023/5/12 20:20,高性能golang,3098,68,22,113,4,"科技,计算机技术,go,golang,go语言,grpc"
https://www.bilibili.com/video/BV1kv4y1H7zP,go mod依赖管理，import到底该怎么写,2023/4/21 20:20,高性能golang,5824,131,78,358,9,"科技,计算机技术,go,依赖管理,golang,go语言"
https://www.bilibili.com/video/BV1ts4y1z7E5,go不那么受欢迎的真正原因,2023/5/20 22:33,_优雅先森,15000,68,3,49,1,"编程,程序员,科技,计算机技术,编程语言,it,google,原因,区块链,go,golang,编程开发"
https://www.bilibili.com/video/BV1sV4y1v7P1,年轻人，不要技术崇拜,2023/8/9 6:34,高性能golang,35000,249,49,275,19,"科技,计算机技术,go,go语言"
https://www.bilibili.com/video/BV1gh4y157rm,gin vs fiber 性能对比,2023/7/28 6:10,高性能golang,6854,99,6,84,9,"科技,计算机技术,go,gin,go语言,fiber"
https://www.bilibili.com/video/BV13V4y1y7jE,interface{}将成为历史,2023/6/22 17:45,高性能golang,23000,194,30,126,12,"科技,计算机技术,接口,go,go语言,interface,空接口"
https://www.bilibili.com/video/BV1gu411H7re,用go语言写imgui界面真的太舒服了,2023/8/2 6:22,bl4cyy,3414,32,6,47,6,"一学就会的技能点,计算机,编程,必剪创作,科技,计算机技术,感兴趣就试试,程序,imgui,gui,go语言,图形界面"
https://www.bilibili.com/video/BV17g4y1F7nF,go vs java并发性能对比,2023/6/2 9:23,高性能golang,18000,138,18,124,32,"科技,计算机技术,性能,并发,go,java,golang,go语言"
https://www.bilibili.com/video/BV1KF411Q7UE,json序列化大杀器--sonic，字节出品,2023/7/14 5:28,高性能golang,15000,194,45,296,18,"科技,计算机技术,sonic,go,golang,json,go语言"
https://www.bilibili.com/video/BV1V14y1D7Ev,golang自行封装logger,2023/6/3 21:00,高性能golang,4934,131,49,237,16,"科技,计算机技术,logger,go,golang,go语言"
https://www.bilibili.com/video/BV1xd4y1J7RH,1、lark-golang千万级im服务端项目介绍,2023/2/11 14:02,saeipi,15000,339,172,1291,99,"科技,计算机技术,go聊天系统,goim,集群,微服务,go,mysql,im,chat,高并发,grpc"
https://www.bilibili.com/video/BV1B24y1B7fZ,go（golang）与 node js（微服务）性能基准测试,2023/2/3 16:15,卖枸杞的程序猿,3123,41,1,39,3,"科技,计算机技术,编程语言,测试,性能,性能测试,node.js"
https://www.bilibili.com/video/BV1xM411i7XC,go (golang) vs rust性能基准测试,2023/2/3 2:03,卖枸杞的程序猿,9618,110,4,80,13,"编程,科技,计算机技术,编程语言,性能,rust,性能测试"
https://www.bilibili.com/video/BV1nR4y1879S,nginx 与 envoy 性能测试(基于 grpc - golang）,2023/2/3 1:16,卖枸杞的程序猿,765,16,0,36,2,"科技,计算机技术,编程语言,性能测试,nginx"
https://www.bilibili.com/video/BV1Uu4y1278W,46、lark-websocket使用和优化总结,2023/7/29 20:37,saeipi,453,10,2,11,0,"科技,计算机技术,goim,gochat,go聊天服务端,锁,chan,im,chat,websocket,lark,高并发"
https://www.bilibili.com/video/BV1rN411e7dB,45、lark-客户端对合并消息进行拆包,2023/7/23 17:37,saeipi,313,8,2,3,1,"科技,计算机技术,goim,gochat,go聊天服务端,go进阶"
https://www.bilibili.com/video/BV1Yx4y1975W,44、lark-服务端接收和解析自定义协议,2023/7/23 17:39,saeipi,355,10,2,5,0,"科技,计算机技术,goim,gochat,go聊天服务端,go"
https://www.bilibili.com/video/BV11W4y1d79t,43、lark-自定义传输协议,2023/7/22 16:47,saeipi,361,6,2,4,0,"科技,计算机技术,千万级im,go服务端,go,im,chat"
https://www.bilibili.com/video/BV1oX4y1J7qE,41、lark-彩蛋-go代码自动生成工具,2023/7/20 1:00,saeipi,1238,23,8,57,4,"科技,计算机技术,千万级im,go服务端,go,im,lark,高并发,mysql优化,go教程"
https://www.bilibili.com/video/BV1iV411K7xh,42、lark-读取客户端消息,2023/7/22 16:50,saeipi,388,7,2,1,0,"科技,计算机技术,千万级im,go服务端,im,lark"
https://www.bilibili.com/video/BV1Zy4y1975n,go 微服务实战 38 讲,2023/1/27 2:04,正经教主,6911,92,58,693,24,"编程,程序员,知识,职业职场,go,实战,服务,微服务,架构"
https://www.bilibili.com/video/BV18z4y147oz,go 云原生与微服务实战,2023/7/19 11:42,卷王课堂,1435,21,10,164,4,"知识,野生技能协会,go,服务,微服务,云原生"
https://www.bilibili.com/video/BV17N411a7kw,【2023 六月更新】 go: 完整开发者指南 (一套教程熟练掌握golang),2023/8/8 2:10,知识乾坤袋,1374,24,3,110,3,"编程,程序员,科技,计算机技术,完整,go,教程,六月,指南,golang,udemy,2023"
https://www.bilibili.com/video/BV1w44y1w7EU,【小野森森go】颠覆认知的golang【go基础】,2023/8/16 15:06,小野森森的Golang,5909,108,73,329,17,"知识,野生技能协会,go,go基础,go面试,go就业,go程序员,go工程师,go工作,golang,golang,golang基础"
https://www.bilibili.com/video/BV1yP411s79t,【小野森森go/java】『进制』深度学习指南【语言基础】,2023/8/17 18:06,小野森森的Golang,1505,21,4,48,1,"知识,野生技能协会,go,go面试,go就业,go程序员,go工程师,二进制,进制,java,golang,golang基础"
https://www.bilibili.com/video/BV1rr4y1Z77p,go语言高质量入门,2023/8/13 20:42,linux哲学探索中,370,6,0,24,0,"科技,计算机技术,高质量,it,学习,go,语言"
https://www.bilibili.com/video/BV1tP41167Xx,从零开始学go语言！一小时入门教程（1）,2023/7/31 8:04,马师傅外企程序员,381,14,5,4,0,"职场吐槽大会,互联网,程序员,知识,职业职场,今天也要好好工作,go,it,教程,入门教程,后端,golang"
https://www.bilibili.com/video/BV1jX4y1x7UJ,go语言开发gin框架引入jwt库实现token登录校验详细教程,2023/8/15 20:21,敛心F,885,18,10,53,0,"编程,科技,计算机技术,go,教程,详细教程,gin"
https://www.bilibili.com/video/BV1Uu4y197zo,"专科生讲述第一次接开发编写go语言web项目,过程很艰苦,成果很不错",2023/8/19 16:34,敛心F,1292,17,2,26,2,"计算机,程序员,科技,计算机技术,第一次,讲述,web,go语言,专科生,web项目"
https://www.bilibili.com/video/BV1jh4y1u7ey,小程序毕业设计项目-考勤打卡小程序go语言开发api,2023/7/1 19:22,敛心F,358,4,0,4,0,"科技,计算机技术,毕业,go,程序,毕业设计,学习,微信,考勤"
https://www.bilibili.com/video/BV1iu4y1D7zM,【微信小程序】社区小程序毕业设计项目带后台golang语言开发项目,2023/8/26 23:58,敛心F,97,0,0,0,0,"科技,计算机技术,毕业设计,学习,毕业,2023最新,golang,小程序开发"
https://www.bilibili.com/video/BV1U94y1Y7Es,golang设计模式,2023/7/30 19:40,格子衫来,579,9,1,27,0,"科技,计算机技术,golang设计模式,golang,大话设计模式"
https://www.bilibili.com/video/BV1Rh4y1r7Km,完爆go设计模式,2023/8/6 20:12,格子衫来,2377,49,24,154,1,"编程,科技,计算机技术,编程语言,go,设计,设计模式,架构,go语言"
https://www.bilibili.com/video/BV1Gh4y1F78C,2023年啦！带你重新了解go语言，不要再盲目说golang开发岗没前途了！学好golang同样轻松拿捏大厂！,2023/8/5 16:08,Linux-技术大师,3253,51,32,292,7,"科技,计算机技术,编程语言,golang框架,golang入门,golang项目实战,golang,docker,golang教程,go语言,k8s,并发编程"
https://www.bilibili.com/video/BV1C14y1z7oC,【2023版】字节跳动89小时内部培训的go语言（golang）教程，java程序员转行go开发工程师必看，全套600集，就怕你不学!,2023/7/27 16:03,程序员知识库,1194,19,6,36,5,"计算机,编程,程序员,知识,野生技能协会,golang开发,golang项目,golang,go语言,go教程,go教程,go开发工程师"
https://www.bilibili.com/video/BV1az4y1B7n8,【go实战项目】2023最适合小白练手的golang项目，手把手教你从零写一个im实时通讯系统，程序员转行必看（附源码+笔记）,2023/5/27 17:08,程序员知识库,2263,53,47,199,7,"计算机,编程,程序员,知识,野生技能协会,golang入门,golang项目,golang,golang教程,golang实战,golang基础"
https://www.bilibili.com/video/BV1e24y1A7Xy,2023新版golang教程，程序员转行必看，保姆级零基础go语言入门到就业全套视频，持续更新中~（golang教程/golang入门/golang基础）,2023/5/24 15:50,云原生架构师,1861,31,20,140,0,"golang知识分享,计算机,编程,程序员,知识,野生技能协会,golang入门,golang项目,java,golang,golang教程,go开发工程师,golang基础"
https://www.bilibili.com/video/BV1bV4y1v7Ry,2023最适合自学的golang项目实战教程合集！零基础小白入门必备教程，带你轻松玩转golang！,2023/8/11 18:49,Linux-后端攻城狮,2336,69,49,376,10,"科技,计算机技术,golang微服务,golang云原生,golang项目,golangweb框架,分布式,golang,devops,golang教程,go语言,golang实战"
https://www.bilibili.com/video/BV1Gh4y1W7VX,【不要再看那些过时的golang老教程了】2023巨献，golang零基础小白最新版全套教程(golang/云原生/devops/分布式/微服务/并发编程）,2023/4/14 15:52,Linux-后端攻城狮,1312,29,10,142,4,"科技,计算机技术,编程语言,golang框架,golang云原生,go语言,微服务,docker,devops,golang教程,k8s,并发编程"
https://www.bilibili.com/video/BV1tT411k7Q7,【2023最新版】golang零基础视频教程，带你从环境安装开始，零基础小白自学go语言入门教程（一学就会，自学必备！）,2023/3/15 21:03,Linux-后端攻城狮,2649,43,34,249,18,"科技,计算机技术,golang开发,golang项目,go语言,golang,微服务,docker,devops,golang教程,k8s,云原生"
https://www.bilibili.com/video/BV1Qo4y1q72S,golang教程_go语言+gin+k8s入门实战教程-更新中...,2023/3/21 17:35,babysmiple,7430,94,60,617,18,"知识,野生技能协会,gin教程,golang,golang教程,go语言"
https://www.bilibili.com/video/BV1AL411C7Lo,golang语言教程_go语言+gin实战教程72讲,2023/3/15 17:42,zzjlcl,3393,43,5,262,10,"知识,野生技能协会,golang教程,go语言,golang,go语言教程"
https://www.bilibili.com/video/BV1vv4y1W7VG,golang云原生零基础到企业级项目实战知识体系全套教程讲解【go编程基础+go项目实战+公有云项目实战+go后台中间件编】视频全是干货，学完即可上岗！！！,2023/2/20 8:58,Linux实战营,2247,56,12,350,5,"科技,软件应用,go项目实战,golang云原生,公有云项目实战,go编程基础,go后台中间件编,java程序员转行,golang,go语言,项目实战,c/c++程序员"
https://www.bilibili.com/video/BV1LM4y1D7m7,go语言项目实战开发【微信后台公众号实战+后台管理系统+分布式日志系统+高并发推送】，java程序员转行golang开发必看，手把手教你从零入门go语言开发,2023/2/15 17:48,Linux实战营,4877,86,42,557,14,"科技,软件应用,gin框架,kratos微服务,分布式,devops,项目实战,高并发,后台管理系统,云原生,go语言开发,etcd"
https://www.bilibili.com/video/BV1Ts4y1x7X4,【2023年最新版】golang云原生零基础就业班全套视频讲解——三连收藏再看（go语言-gin框架-docker-k8s云原生-kratos微服务项目）,2023/1/29 16:52,编程实战营,3112,40,24,296,9,"科技,软件应用,gin框架,kratos微服务,分布式,go语言,docker,devops,持续集成,云原生,ipfs,etcd"
https://www.bilibili.com/video/BV1984y1L7Fu,2023年最新golang教程【云原生/docker/k8s/devops】，从入门到实战，全程干货!!!带你轻松拿下golang语言,2023/1/31 23:40,CPP秘籍,2832,67,48,325,7,"知识,野生技能协会,c++,golang云原生,golang项目,docker,go语言,k8s,go教程,devops"
https://www.bilibili.com/video/BV1ZM411w7Ft,【2023版】golang语言教程（附源码），从基础入门到项目实战（docker/k8s/持续集成/工程组件/分布式中间件/云原生/项目实战）一百多集学完即就业,2023/2/17 23:44,B站_C学院,4989,101,41,646,13,"知识,职业职场,科技,go实战项目,go学习路线,计算机技术,go,go,golang,devops,go语言,云原生"
https://www.bilibili.com/video/BV1854y1u76Z,【40k上岸京东开发岗】全靠了这套golang云原生教程【golang/云原生/docker/devops/k8s/持续集成/分布式/etcd/ipfs】,2023/3/3 19:00,零声教育_小旷吖,5184,83,63,616,27,"知识,野生技能协会,编程语言,golang项目实战,分布式,go语言,微服务,docker,devops,k8s,grpc,服务网格"
https://www.bilibili.com/video/BV1k24y1E7a7,【2023最新版】golang零基础入门自学教程，现在分享给大家，入门到精通，学完即可就业！ 涉及（go语言/分布式/微服务/devops）等知识点讲解,2023/3/21 16:31,零声教育_雨眠老师,35000,314,225,2078,120,"科技,计算机技术,编程语言,golang框架,golang开发,golang入门,golang特性,入门到精通,golang,gin,go语言,并发编程"
https://www.bilibili.com/video/BV1qb411R7MP,【2023版】华为集团102小时内部培训的go语言（golang开发）教程，全套600集，就怕你不学（golang项目/golang开发）,2023/2/17 17:45,Abhay丶,15000,401,372,1251,46,"知识分享官,计算机,编程,程序员,知识,野生技能协会,golang开发,go语言,java,golang,golang实战"
https://www.bilibili.com/video/BV1984y1J79R,go语言入门全套课程--从小白到高高手,2023/2/24 11:48,A不语l,776,10,2,72,1,"程序员,知识,校园学习,入门,小白,语言,go,课程,教程,全套,基础,golang"
https://www.bilibili.com/video/BV1Bs4y157Cj,2023最新golang（go语言）全系列讲解 一天学会别人0.5年学不完的内容 超详细高效率学习！【java丨马士兵】,2023/3/10 13:49,马士兵课堂,3308,103,22,224,58,"编程,程序员,野生技术协会,技术宅,公开课,科技,计算机技术,it,编程语言,学习,java,golang,科技猎手2023"
https://www.bilibili.com/video/BV1pW4y197Nq,【2023年学编程】一周从零基础到go语言实战开发高手,2023/6/11 21:51,物语终焉2023,2632,31,17,186,4,"知识,野生技能协会,go,go语言,golang"
https://www.bilibili.com/video/BV1XN41167PH,抛弃java拥抱go，聊聊我的转go心得吧！,2023/6/17 20:59,我是健健哥,12000,77,21,42,7,"itbook多得,编程,程序员,必剪创作,知识,职业职场,java,golang"
https://www.bilibili.com/video/BV1vV411g73X,go学什么框架收益高? all in k8s,2023/6/28 0:06,CNNetworks,7362,131,32,317,12,"编程,必剪创作,知识,职业职场,it,框架,go,web,架构,golang,k8s"
https://www.bilibili.com/video/BV18Y4y1C7K2,0起点-go+gorm+gin+typescript+vite+vue3通用开发框架实战,2023/3/6 21:41,dotdancer,16000,294,249,1259,63,"科技,计算机技术,elementplus,vue3全家桶,golangweb开发,go+gorm+gin实战,pinina,linux+go+mysql+redis,golang入门实战,前端开发,typescript,web前端"
https://www.bilibili.com/video/BV1jR4y1B7wY,go运维开发架构班,2023/2/11 17:39,爱吃蓝猫的代码狗,6756,80,52,570,31,"程序员,科技,计算机技术,go,运维,区块链,运维开发"
https://www.bilibili.com/video/BV1584y1G7Ln,第169期 运维转运维开发必须要学go语言吗 python是不是已经过时了,2023/3/26 14:22,小乙运维杂货铺,3064,24,5,20,1,"互联网,科技,计算机技术,运维,运维开发,operator,kubernetes,crd,源码解读,打卡挑战"
https://www.bilibili.com/video/BV18M4y1z7uJ,第173期 运维进阶应该学go搞普罗或k8s 还是专注linux内核优化,2023/3/30 13:35,小乙运维杂货铺,1891,9,1,17,0,"互联网,科技,计算机技术,运维,运维开发,operator,kubernetes,crd,源码解读,打卡挑战"
https://www.bilibili.com/video/BV1m84y1N7dc,第149期 运维不要抗拒学习k8s项目的go源码 战胜心魔 不懂源码只能做表面工作拿不到高薪,2023/3/2 16:02,小乙运维杂货铺,1404,20,9,18,2,"互联网,科技,计算机技术,运维,运维开发,operator,kubernetes,crd,源码解读,打卡挑战"
https://www.bilibili.com/video/BV1Fk4y1i7o9,go语言实战流媒体视频网站,2023/4/7 3:02,Mainovo,15000,459,457,1746,47,"科技,计算机技术,视频,学习,go,教程,网站,实战,入门到精通,流媒体,golang,高并发,星动安利大作战·春日篇"
https://www.bilibili.com/video/BV1Ca4y1N7GU,【项目实战】基于 golang、webrtc 实现 在线会议 (弃坑了。。。),2023/4/12 22:21,GetcharZp,5217,94,68,328,6,"知识,野生技能协会,golang,webrtc,在线会议"
https://www.bilibili.com/video/BV17h4y177Cn,【练手项目】基于gin+vue3一步一步实战开发后台管理系统,2023/7/16 20:42,学灯网,1696,23,11,103,7,"知识,校园学习,gin,vue,go语言,goweb,goland"
https://www.bilibili.com/video/BV1H44y1w7j5,为反射正名,2023/8/4 18:39,高性能golang,3816,83,28,86,4,"科技,计算机技术,反射,go,golang,go语言"
https://www.bilibili.com/video/BV1Dz4y1v7sL,fyne2.3.5发布了，激动人心的2.4.0也快了,2023/6/9 22:27,bl4cyy,1472,12,4,7,4,"今天也要好好工作,必剪创作,科技,计算机技术,go,fyne,gui,跨平台,界面开发,go语言"
https://www.bilibili.com/video/BV1fa4y1u7E4,go语言的又一个跨平台对话框库,2023/5/19 12:14,bl4cyy,853,12,2,1,1,"打工人的日常记录,必剪创作,科技,计算机技术,go,fyne,对话框,跨平台,gui,界面开发,go语言,生活万花筒6.0·沸腾吧！青年"
https://www.bilibili.com/video/BV1dP411k7aN,go语言好库之一个强大的终端ui框架,2023/7/19 6:38,bl4cyy,3236,49,13,102,8,"今天也要好好工作,计算机,编程,必剪创作,科技,计算机技术,ui,学习,bubbletea,好库,tui,go语言"
https://www.bilibili.com/video/BV19G4y1Q74e,一个让gopher 眼泛泪光的客户端框架：wails,2023/1/28 10:54,小叉RAY,2944,69,23,52,6,"必剪创作,科技,软件应用,wails,go语言项目实战,go客户端,go语言,数量取胜"
https://www.bilibili.com/video/BV11x4y1c7La,goland高效技巧（一）,2023/2/18 15:15,痴货发明家,5864,146,46,182,13,"golang,科技,计算机技术,go语言,goland"
https://www.bilibili.com/video/BV1jA411m7Dy,goland高效技巧（二）,2023/2/22 16:10,痴货发明家,3498,89,43,103,3,"golang,科技,计算机技术,go语言,goland"
https://www.bilibili.com/video/BV1GM411c7Nn,5个超级有用的json操作#书里没有的golang小技巧,2023/2/20 19:44,小叉RAY,4443,214,31,142,13,"编程,科技,软件应用,技巧,教程,golang,json,编程开发"
https://www.bilibili.com/video/BV16Y4y1U7ru,如何优雅地查询数据库#书里没有的golang小技巧,2023/2/23 20:35,小叉RAY,5872,315,64,247,21,"编程,科技,软件应用,编程语言,体验,函数式编程,优化,golang,go语言"
https://www.bilibili.com/video/BV1qj411G7MD,如何优化定时任务的性能 #书里没有的golang小技巧,2023/2/27 10:05,小叉RAY,5085,250,61,220,23,"科技,软件应用,小技巧,时间轮,分布式,golang,go语言,编程开发,架构师"
https://www.bilibili.com/video/BV158411u7zh,如何写出漂亮的构造函数#书里几乎没有的golang小技巧,2023/2/9 21:02,小叉RAY,7432,344,43,234,22,"科技,软件应用,小技巧,教程,option模式,golang,编程开发,option,构造函数"
https://www.bilibili.com/video/BV1Ys4y1a7xy,方法接收器悖论#书里几乎没有的golang小技巧,2023/2/16 11:40,小叉RAY,2943,86,6,58,2,"科技,软件应用,小技巧,方法,golang,编程开发"
https://www.bilibili.com/video/BV14D4y1w7xP,闭包为何具有记忆效应#书里没有的golang小技巧,2023/2/16 18:57,小叉RAY,3642,138,11,94,9,"编程,科技,软件应用,小技巧,技巧,方法,golang,编程开发"
https://www.bilibili.com/video/BV1uT41197i4,空接口陷阱#书里几乎没有的golang小技巧,2023/2/9 13:32,小叉RAY,5105,259,24,155,10,"科技,软件应用,go,小技巧,源代码,陷阱,golang,编程开发"
https://www.bilibili.com/video/BV1Gy4y1f7S9,糟糕！结构体嵌套有陷阱#书里没有的golang小技巧,2023/2/22 18:51,小叉RAY,2898,110,30,36,5,"编程,科技,软件应用,技巧,陷阱,接口,结构体,golang"
https://www.bilibili.com/video/BV1Sg4y1H7ZM,如何快速定位错误发生的位置#书里几乎没有的golang小技巧,2023/2/26 18:03,小叉RAY,3208,138,18,87,7,"科技,软件应用,小技巧,go,错误,golang,go语言,编程开发"
https://www.bilibili.com/video/BV1sM4y1o7Rt,如何让错误处理更加优雅 #书里没有的golang小技巧,2023/2/27 21:31,小叉RAY,7964,363,59,220,23,"科技,软件应用,编程语言,优雅,小技巧,处理,错误,golang,go语言,编程开发"
https://www.bilibili.com/video/BV1h8411R7eE,错误处理的正确方式,2023/8/12 6:27,高性能golang,6348,142,41,104,7,"科技,计算机技术,go,go语言,错误处理"
https://www.bilibili.com/video/BV1DW4y1f7oh,高频语法--goalng panic与recover,2023/7/11 5:30,高性能golang,3103,78,22,61,4,"科技,计算机技术,go,recover,panic,go语言"
https://www.bilibili.com/video/BV1zM41157Ej,golang并发利器channel,2023/4/25 20:20,高性能golang,2361,58,43,71,3,"科技,计算机技术,go,golang,go语言,channel"
https://www.bilibili.com/video/BV1Zo4y1G7g7,"go并行处理文件,递归遍历目录",2023/5/26 22:00,高性能golang,4759,135,38,241,8,"科技,计算机技术,读写文件,遍历目录,并行,文件,并发,go,golang,go语言,协程"
https://www.bilibili.com/video/BV1ZP411D7RN,viper解析配置文件,2023/6/6 6:00,高性能golang,4235,90,34,140,6,"科技,计算机技术,go,golang,配置文件,viper,go语言"
https://www.bilibili.com/video/BV1M54y1A79v,06-go-web开发-通过viper读取系统配置文件,2023/2/20 0:54,dotdancer,974,11,0,23,4,"必剪创作,知识,野生技能协会,前端学golang,go,web开发,golang"
https://www.bilibili.com/video/BV1iv4y1W7Db,04-go-web开发-以自定义树节点解析json文件创建目录结构,2023/2/18 11:23,dotdancer,200,2,0,2,0,"必剪创作,知识,野生技能协会,golang开发,前端学golang,go-web开发,golang基础学习"
https://www.bilibili.com/video/BV1sT411D7gA,05-go-web开发-通过typescript解析json文件创建目录结构,2023/2/19 2:48,dotdancer,269,3,4,7,0,"必剪创作,知识,野生技能协会,go-web开发,typescript开发,go,golang"
https://www.bilibili.com/video/BV1b8411c7Dd,03-typescript-vue3-目录结构的调整,2023/3/9 23:35,dotdancer,382,3,0,3,1,"科技,计算机技术,pinia,go+gorm+gin,typescript,web前端,vue3"
https://www.bilibili.com/video/BV1FL411y7Ld,04-typescript-vue3-部分插件的安装,2023/3/9 23:42,dotdancer,316,2,0,2,1,"科技,计算机技术,pinia,go+gorm+gin,typescript,web前端,vue3"
https://www.bilibili.com/video/BV15Y4y1y7eb,05-typescript-vue3-vite-config.ts的配置,2023/3/9 23:42,dotdancer,476,3,2,17,0,"科技,计算机技术,pinia,go+gorm+gin,javascript,vue,typescript,web前端,vue3"
https://www.bilibili.com/video/BV1JM411W7rM,0起点-typescript+vite+vue3+pinia+go前端基础框架开发,2023/3/14 0:27,dotdancer,3829,57,31,282,6,"知识,野生技能协会,vue-router,pinia,typescript项目实战,go+gorm+gin,scss+css多主题实现,javascript+vue3项目实战,vue,typescript,vant,vue3"
https://www.bilibili.com/video/BV1hs4y1D7Dc,0起点-golangweb+typescript+vite+vue3通用开发框架实战,2023/3/30 23:01,basefat,2360,40,29,284,12,"科技,计算机技术,前端web开发,go-web开发,go+gorm+gin,go+redis+mysql,typescript+vite+vue3,typescript,vue3"
https://www.bilibili.com/video/BV1iD4y1M7JL,scss 与 element plus 动态换肤(一键换肤) 的一种实现方法,2023/3/9 23:01,basefat,738,2,2,8,1,"必剪创作,科技,计算机技术,go+gorm+gin,typescript,前端开发实战,vue3"
https://www.bilibili.com/video/BV1Mv4y1875P,23-前端学-go-web开发-登录的实现,2023/3/8 22:59,basefat,185,0,0,3,0,"聊聊我的人生选择,必剪创作,科技,计算机技术,go+gorm+gin,linux+mysql+redis,typescript+vue3,go入门实战,goweb开发,确实该聊聊·第三季"
https://www.bilibili.com/video/BV1B54y1M7fL,24-前端学go-web开发-auth鉴权与续签token的实现_batch,2023/3/10 21:52,basefat,188,2,0,7,0,"聊聊我的人生选择,必剪创作,科技,计算机技术,go入门实战,go+gorm+gin,typescript,vue3,确实该聊聊·第三季"
https://www.bilibili.com/video/BV1nG4y1N7do,05-前端学go-web开发-通过typescript解析json文件创建目录结构_batch,2023/2/19 2:47,basefat,148,1,0,2,0,"必剪创作,知识,野生技能协会,go-web开发,typescript开发,go,golang"
https://www.bilibili.com/video/BV1FY41167fg,03-前端学go-web开发-以map结构解析json文件创建目录结构,2023/3/2 23:33,basefat,46,1,0,0,0,"必剪创作,科技,计算机技术,go语言入门,go+gorm+gin,前端学goweb开发入门"
https://www.bilibili.com/video/BV1oY411z7SM,02-前端学go-web开发-目录结构的介绍,2023/3/2 22:52,basefat,82,0,0,1,0,"必剪创作,科技,计算机技术,go语言入门,golang实战,go+gorm+gin,goweb入门开发,前端学go语言实战开发"
https://www.bilibili.com/video/BV1SD4y1T79v,06-前端学go-web开发-通过viper读取系统配置文件,2023/3/2 22:59,basefat,264,1,0,1,0,"必剪创作,科技,计算机技术,go语言入门,goweb开发入门,go语言+gorm+gin,前端学go语言开发"
https://www.bilibili.com/video/BV1mb411D7aL,20-前端学go-web开发-用户crud-添加用户-查询用户详情实现,2023/3/1 22:08,basefat,148,2,2,1,0,"必剪创作,科技,计算机技术,goweb开发入门,go+gin+gorm"
https://www.bilibili.com/video/BV1Tj41137tn,12-前端学go-web开发-redis连接初始化,2023/3/2 23:31,basefat,126,0,0,0,0,"必剪创作,科技,计算机技术,go语言实战+gorm+gin,前端学golang开发实战,go语言入门实战,goweb实战"
https://www.bilibili.com/video/BV1KM41147xw,04-前端学go-web开发-以自定义树节点解析json文件创建目录结构,2023/3/2 23:17,basefat,33,0,0,0,1,"必剪创作,科技,计算机技术,前端学golang开发,go+gorm+gin,goweb开发入门,go语言入门"
https://www.bilibili.com/video/BV16R4y1q7aM,07-go-web开发-初始gin框架对应的路由信息,2023/2/7 22:21,basefat,605,7,2,21,0,"知识,野生技能协会,前端学goweb开发,gin,golang"
https://www.bilibili.com/video/BV1mT411v75Z,17-前端学go-web开发-api-service-dao-请求处理模式连通实现,2023/3/1 22:27,basefat,150,1,0,3,0,"必剪创作,科技,计算机技术,前端学golang,go+gorm+gin,goweb开发入门"
https://www.bilibili.com/video/BV1WL41117gC,16-前端学go-web开发-baseapi的简单封装,2023/3/2 23:03,basefat,50,0,0,2,0,"必剪创作,科技,计算机技术,go语言+gorm+gin,golangweb开发,go语言web开发,前端学go语言"
https://www.bilibili.com/video/BV1ws4y1Z74V,18-前端学go-web开发-gin-cors-跨域支持,2023/3/2 23:05,basefat,162,0,0,0,0,"必剪创作,科技,计算机技术,go语言入门,go语言+gorm+gin,前端学golang学习,goweb开发"
https://www.bilibili.com/video/BV1hx4y1c7UD,14-前端学go-web开发-responsejson响应结构的封装,2023/2/17 21:14,basefat,85,0,0,2,0,"必剪创作,知识,野生技能协会,前端学golang开发,go-web,golang"
https://www.bilibili.com/video/BV1Z54y1c7BN,19-前端学-go web开发-一键关机的实现(练习),2023/2/27 0:43,basefat,142,0,0,2,0,"必剪创作,科技,计算机技术,go,golangweb开发,gin+gorm+redis"
https://www.bilibili.com/video/BV1m8411F7Xv,22-前端学goweb开发-注册及bcrypt-加密的实现,2023/3/6 20:18,basefat,143,1,0,1,0,"聊聊我的人生选择,必剪创作,科技,计算机技术,go入门实战,go+gorm+gin,linux+mysql+redis实战,goweb开发,确实该聊聊·第三季"
https://www.bilibili.com/video/BV1z84y1K7HH,13-go-web开发-jwt-token生成与解析的封装,2023/3/2 23:35,basefat,126,0,0,5,0,"必剪创作,科技,计算机技术,go语言实战+gorm+gin,jwt-token封装,goweb开发实战,前端学go语言入门实战"
https://www.bilibili.com/video/BV1UN411F7uM,21-前端学go-web开发-用户crud-列表分页-编辑-删除实现,2023/3/2 23:00,basefat,149,0,0,2,0,"必剪创作,科技,计算机技术,go+gorm+gin,golangweb开发入门,前端学go语言"
https://www.bilibili.com/video/BV1F84y1N7Sy,在ps里面导出透明背景的png图片,2023/3/9 22:55,basefat,317,3,2,1,0,"聊聊我的人生选择,必剪创作,科技,计算机技术,前端实战开发,go+gorm+gin,typescript,vue3,确实该聊聊·第三季"
https://www.bilibili.com/video/BV17x4y1T7oN,webpack打包typescript的处理,2023/3/9 23:05,basefat,180,1,2,1,1,"聊聊我的人生选择,必剪创作,科技,计算机技术,go入门实战,go+gorm+gin,webpack,typescript,前端开发实战,vue3,确实该聊聊·第三季"
https://www.bilibili.com/video/BV1g24y147tN,18-typescript-vue3-初始化基础模块路由,2023/3/10 0:08,dotdancer,259,3,0,5,0,"科技,计算机技术,pinia,go+gorm+gin,javascript,vue,typescript,web前端,vue3"
https://www.bilibili.com/video/BV1nY4y1y7jP,07-typescript-vue3-基础模块-初始步骤简述,2023/3/9 23:38,dotdancer,189,1,0,2,0,"科技,计算机技术,pinia,go+gorm+gin,javascript,vue,typescript,web前端,vue3"
https://www.bilibili.com/video/BV1U8411F76z,30-typescript-vue3-serviceworker简述外带加个微信,2023/3/6 23:24,dotdancer,206,2,2,4,1,"科技,计算机技术,pinia,elementplus,go+gorm+gin,vue,typescript"
https://www.bilibili.com/video/BV13b411f77K,20-typescript-vue3-路由鉴权的处理,2023/3/9 23:52,dotdancer,1968,33,9,96,6,"科技,计算机技术,pinia,go+gorm+gin,javascript,vue,typescript,web前端,vue3"
https://www.bilibili.com/video/BV14N411c7Pr,25-(上)-typescript-vue3-基于axios的ajax请求库封装,2023/3/6 23:09,dotdancer,1315,16,13,55,0,"科技,计算机技术,elementplus,vue3全家桶,golangweb开发,go+gorm+gin实战,pinina,ajax,typescript,axios"
https://www.bilibili.com/video/BV1xj4113799,22.typescript-vue3-ajax请求封装概述,2023/3/6 23:56,dotdancer,466,0,0,3,0,"科技,计算机技术,elementplus,vue3全家桶,golangweb开发,go+gorm+gin实战,pinina,typescript,web前端,axios"
https://www.bilibili.com/video/BV1484y1P7Rs,26-(下)-typescript-vue3-基于axios的ajax请求库封装,2023/3/7 0:49,dotdancer,959,11,2,35,1,"科技,计算机技术,elementplus,vue3全家桶,golangweb开发,go+gorm+gin实战,pinina,typescript,web前端,axios"
https://www.bilibili.com/video/BV1aY4y1C7bM,28-typescript-vue3-baseapi对ajax请求url与params的自定义支持,2023/3/6 23:04,dotdancer,301,1,0,7,0,"科技,计算机技术,elementplus,vue3全家桶,golangweb开发,go+gorm+gin实战,pinina,ajax,typescript"
https://www.bilibili.com/video/BV1eD4y1M7Nx,27-typescript-vue3-baseapi的封装及使用,2023/3/6 23:09,dotdancer,860,8,0,35,4,"科技,计算机技术,elementplus,vue3全家桶,golangweb开发,go+gorm+gin实战,pinina,前端开发,typescript"
https://www.bilibili.com/video/BV1SM411s7gf,08-typescript-vue3-全局app变量的初始化及绑定的实现,2023/3/9 23:50,dotdancer,263,1,0,1,0,"科技,计算机技术,pinia,go+gorm+gin,javascript,vue,typescript,web前端,vue3"
https://www.bilibili.com/video/BV1qT411a75y,10-typescript-vue3-tools工具库的初始化及绑定的实现,2023/3/9 23:42,dotdancer,223,1,0,3,0,"科技,计算机技术,pinia,go+gorm+gin,javascript,vue,typescript,web前端,vue3"
https://www.bilibili.com/video/BV1Fv4y18758,13-typescript-vue3-业务模块的初始化,2023/3/9 23:47,dotdancer,191,1,2,2,0,"科技,计算机技术,pinia,go+gorm+gin,javascript,vue,typescript,web前端,vue3"
https://www.bilibili.com/video/BV15x4y1T7Zu,19-typescript-vue3-初始化业务模块路由,2023/3/10 0:06,dotdancer,369,3,0,6,0,"科技,计算机技术,pinia,go+gorm+gin,javascript,vue,typescript,web前端,vue3"
https://www.bilibili.com/video/BV16L41117Fi,23-typescript-vue3-通过任务队列解决回调地狱问题,2023/3/6 23:54,dotdancer,1141,18,6,64,0,"科技,计算机技术,elementplus,vue3全家桶,golangweb开发,go+gorm+gin实战,pinina,typescript,web前端"
https://www.bilibili.com/video/BV1AT411a7oy,17-typescript-vue3-通过css变量实现一键换肤,2023/3/9 23:56,dotdancer,1475,23,8,71,4,"科技,计算机技术,go+gorm+gin,javascript,vue,typescript,web前端,vue3"
https://www.bilibili.com/video/BV1JX4y1S7qt,11-typescript-vue3-lpk语言包的初始化与绑定,2023/3/9 23:52,dotdancer,76,2,0,0,0,"科技,计算机技术,pinia,go+gorm+gin,javascript,vue,typescript,web前端,vue3"
https://www.bilibili.com/video/BV1BM4y1k7fi,06-typescript-vue3-esmodule模式下无法使用require问题,2023/3/9 23:36,dotdancer,435,7,0,3,0,"科技,计算机技术,pinia,go+gorm+gin,javascript,vue,typescript,web前端,vue3"
https://www.bilibili.com/video/BV1v8411c7Eq,16-typescript-vue3-通过scss-变量-函数-mixin实现一键换肤,2023/3/9 23:56,dotdancer,1092,15,6,58,3,"科技,计算机技术,pinia,go+gorm+gin,javascript,vue,typescript,web前端,vue3"
https://www.bilibili.com/video/BV1zg4y1t7U5,15-typescript-vue3-vant按需加载与国际化支持,2023/3/9 23:50,dotdancer,205,2,0,5,0,"科技,计算机技术,pinia,go+gorm+gin,javascript,vue,typescript,web前端,vue3"
https://www.bilibili.com/video/BV1Ev4y187b8,09-typescript-vue3-全局变量类型声明的调整,2023/3/9 23:47,dotdancer,513,1,0,0,0,"科技,计算机技术,pinia,go+gorm+gin,javascript,vue,typescript,web前端,vue3"
https://www.bilibili.com/video/BV13T411a7jC,14-typescript-vue3-全局组件的注册,2023/3/9 23:54,dotdancer,178,3,0,4,0,"科技,计算机技术,pinia,go+gorm+gin,javascript,vue,typescript,web前端,vue3"
https://www.bilibili.com/video/BV1Y8411c7L5,02-typescript-vue3-项目初始化环境的搭建,2023/3/9 23:38,dotdancer,287,1,0,6,0,"科技,计算机技术,go+gorm+gin,typescript,web前端,vue3"
https://www.bilibili.com/video/BV1F24y1V7Fg,02-go-web开发-目录结构的介绍,2023/2/28 21:52,dotdancer,423,1,0,8,0,"必剪创作,科技,计算机技术,go语言入门,golangweb开发,go+gorm+gin"
https://www.bilibili.com/video/BV1mk4y187Gg,23-go-web开发-登录的实现,2023/3/8 23:12,dotdancer,373,4,0,10,0,"聊聊我的人生选择,必剪创作,科技,计算机技术,go入门实战,golangweb开发,go+gorm+gin,typescript+vue3,确实该聊聊·第三季"
https://www.bilibili.com/video/BV1y24y147x3,24-go-web开发-auth鉴权与续签token的实现,2023/3/10 21:50,dotdancer,680,2,2,13,0,"聊聊我的人生选择,必剪创作,科技,计算机技术,go入门实战,go+gorm+gin,typescript,vue3,确实该聊聊·第三季"
https://www.bilibili.com/video/BV1k14y1U7vd,25-go-web开发-问题回复,2023/6/21 9:34,dotdancer,411,13,2,5,0,"知识,野生技能协会,全栈开发,typescript,golang,vue3"
https://www.bilibili.com/video/BV1Tx4y1F7rX,17-go-web开发-api-service-dao-请求处理模式连通实现,2023/2/23 0:49,dotdancer,401,3,0,4,0,"必剪创作,知识,野生技能协会,前端学go-web开发,go,golang"
https://www.bilibili.com/video/BV1nb411d7sF,15-go-web开发-gin绑定参数-自定义校验器及错误提示的实现,2023/2/21 0:44,dotdancer,547,5,4,11,0,"必剪创作,知识,野生技能协会,前端学goginweb开发,gogingormweb开发,go,golang"
https://www.bilibili.com/video/BV1KX4y1X7S2,03-go-web开发-以map结构解析json文件创建目录结构_batch,2023/2/28 23:42,dotdancer,344,4,4,6,1,"必剪创作,科技,计算机技术,go语言入门,go+gorm+gin,goweb开发入门,golang"
https://www.bilibili.com/video/BV1Ps4y1e74k,11-go-web开发-gorm连接数据库初始化,2023/2/11 23:08,dotdancer,913,11,8,30,2,"知识,野生技能协会,go,golang-web开发,go-gorm开发"
https://www.bilibili.com/video/BV1hx4y1F7eE,16-go-web开发-baseapi的简单封装,2023/2/22 0:51,dotdancer,373,3,0,0,0,"必剪创作,知识,野生技能协会,golang开发,前端学goweb开发,go"
https://www.bilibili.com/video/BV1Qs4y1Y7hW,09-go-web开发-gin与swagger的集成,2023/2/8 20:47,dotdancer,1391,14,2,34,1,"知识,野生技能协会,golang开发,前端学golang-web开发,gin,新年快乐好久不见"
https://www.bilibili.com/video/BV1L24y1q7DA,10-go-web开发-zap日志组件的初始化,2023/2/9 21:09,dotdancer,1236,19,10,41,0,"知识,野生技能协会,golang开发,前端学golang开发,web开发,新年快乐好久不见"
https://www.bilibili.com/video/BV1jT411R7gw,08-go-web开发-gin框架下优雅的退出应用,2023/2/7 22:27,dotdancer,760,9,2,25,0,"知识,野生技能协会,golang开发,前端学golang-web开发,gin,新年快乐好久不见"
https://www.bilibili.com/video/BV1zs4y1V7xg,07-go-web开发-初始gin框架对应的路由信息,2023/3/6 20:59,dotdancer,307,1,1,3,0,"科技,计算机技术,go入门实战,golangweb开发,go+gorm+gin,linux+mysql+redis"
https://www.bilibili.com/video/BV1iD4y1u7SZ,20-go-web开发-用户crud-添加用户-查询用户详情实现,2023/3/1 22:20,dotdancer,330,1,2,5,2,"必剪创作,科技,计算机技术,goweb开发,go+gorm+gin,goweb开发入门"
https://www.bilibili.com/video/BV1XY411z7u6,21-goweb开发-用户crud-列表分页-编辑-删除实现,2023/3/2 23:23,dotdancer,282,3,2,5,0,"必剪创作,科技,计算机技术,goweb开发入门,go语言+gorm+gin,jwt-token-redis封装,goweb-crud实现,前端学go语言实战"
https://www.bilibili.com/video/BV1u24y1n7YF,19-go web开发-一键关机的实现(练习),2023/2/27 0:44,dotdancer,230,2,0,3,0,"必剪创作,科技,计算机技术,goweb开发,前端学golangweb开发,gorm+gin+redis开发"
https://www.bilibili.com/video/BV1eL41117i3,22-go-web开发-注册及bcrypt-加密的实现,2023/3/6 20:17,dotdancer,242,5,2,3,0,"聊聊我的人生选择,必剪创作,科技,计算机技术,go+gorm+gin,go入门实战教程,goweb开发,确实该聊聊·第三季"
https://www.bilibili.com/video/BV1pM411P7rm,12-go-web开发-redis连接初始化,2023/2/14 21:53,dotdancer,595,2,2,14,1,"知识,野生技能协会,go,golang-web开发,go-gorm开发,web开发,redis"
https://www.bilibili.com/video/BV12b41197SJ,18-go-web开发-gin-cors-跨域支持,2023/2/24 22:05,dotdancer,414,5,4,4,0,"我的2023新年记忆,必剪创作,科技,计算机技术,前端学goweb开发,go,golang"
https://www.bilibili.com/video/BV1mM4y1S733,13-go-web开发-jwt-token生成与解析的封装,2023/2/16 21:16,dotdancer,1515,17,11,50,1,"知识,野生技能协会,go,golang-web开发,go-gorm开发,web开发"
https://www.bilibili.com/video/BV1Go4y167z4,29-typescript-vue3-ajax封装部分收尾,2023/3/9 22:43,dotdancer,171,0,0,2,1,"聊聊我的人生选择,必剪创作,科技,计算机技术,go+gorm+gin,go,typescript,vue3,确实该聊聊·第三季"
https://www.bilibili.com/video/BV1px4y1T7VB,12-typescript-vue3-加载基础模块配置信息,2023/3/9 23:44,dotdancer,208,2,0,3,0,"科技,计算机技术,pinia,go+gorm+gin,javascript,vue,typescript,web前端,vue3"
https://www.bilibili.com/video/BV1VR4y1q7u4,14-go-web开发-responsejson响应结构的封装,2023/2/17 21:23,dotdancer,319,2,0,5,1,"必剪创作,知识,野生技能协会,前端学golang,go-web开发,web开发"
https://www.bilibili.com/video/BV1fY4y1C767,24-typescript-vue3-阅读axios部分源码,2023/3/7 0:55,dotdancer,224,2,4,3,0,"科技,计算机技术,elementplus,vue3全家桶,go+gorm+gin实战,pinina,typescript,axios"
https://www.bilibili.com/video/BV1Vv4y1a7Hx,21-typescript-vue3-keepalive的处理,2023/3/7 0:49,dotdancer,382,1,2,9,0,"科技,计算机技术,elementplus,vue3全家桶,golangweb开发,go+gorm+gin实战,pinina,typescript,web前端,axios"
https://www.bilibili.com/video/BV1GX4y1Q7b3,typescript-vue3-element plus表单校验源码简析,2023/3/6 22:19,dotdancer,607,4,1,9,2,"科技,计算机技术,elementplus,vue3全家桶,golangweb开发,go+gorm+gin实战,前端开发,typescript,web前端"
https://www.bilibili.com/video/BV1mu411p7Qr,ginplus,2023/6/2 19:27,痴货发明家,3468,65,10,72,5,"golang,科技,计算机技术,web,gin,go语言"
https://www.bilibili.com/video/BV1Bb411o7eh,改变 gin 的调用习惯（二）,2023/3/22 13:24,痴货发明家,5475,102,35,148,7,"golang,科技,计算机技术,gin,go语言"
https://www.bilibili.com/video/BV1Qo4y1q7Ch,golang设计模式-装饰器、拦截器,2023/3/21 9:20,写代码的王菜菜,3245,122,57,279,9,"科技,数码,数码,设计模式,go,golang,装饰器,拦截器"
https://www.bilibili.com/video/BV1FL41127od,golang设计模式01-缓存代理,2023/3/5 11:00,CIT中国,1516,34,16,87,4,"编程,知识,野生技能协会,设计,设计模式,golang"
https://www.bilibili.com/video/BV1DX4y1D7Dw,golang设计模式02-链式调用,2023/3/5 14:05,CIT中国,1239,24,5,52,8,"知识,野生技能协会,设计模式,golang"
https://www.bilibili.com/video/BV18u4y1R7t3,go有设计模式吗？,2023/8/8 6:56,高性能golang,11000,191,71,180,19,"科技,计算机技术,option模式,设计模式,go,golang,go语言,option"
https://www.bilibili.com/video/BV1vs4y1m7hX,为什么要学习go语言(golang),2023/4/7 14:39,高性能golang,5472,84,61,219,26,"编程,程序员,科技,计算机技术,it,go,golang,go语言"
https://www.bilibili.com/video/BV19X4y1t77B,golang如何优雅地计算接口耗时,2023/6/8 12:17,高性能golang,8508,244,69,282,15,"科技,计算机技术,耗时,接口,go,golang,go语言,defer"
https://www.bilibili.com/video/BV1Fg4y1W7Na,【码神之路】go-zero框架教程，十年大厂程序员讲解，通俗易懂,2023/2/22 20:21,码神之路,25000,318,226,1413,60,"golang,编程,程序员,科技,计算机技术,it,大厂程序员,go-zero,框架,干货,go,gopher"
https://www.bilibili.com/video/BV1SP411D7UT,go-zero单体应用入门实战,2023/6/4 9:57,HIT之火,677,8,5,17,4,"知识,职业职场,视频教程"
https://www.bilibili.com/video/BV1pc411V7sw,go与java对比分析,2023/5/31 10:00,HIT之火,258,2,0,4,2,"程序员,知识,职业职场"
https://www.bilibili.com/video/BV1Gg4y1u77D,go微服务实战38讲,2023/4/11 20:32,gzqhero,2222,31,11,238,5,"知识,野生技能协会,go微服务实战38讲,服务,实战,go"
https://www.bilibili.com/video/BV1cv4y1b7E8,go 微服务实战 38讲,2023/2/3 16:22,gzqhero,2914,44,26,258,13,"新年开工记录,知识,野生技能协会,今天也要好好工作,go,实战,微服务,架构"
https://www.bilibili.com/video/BV1pP4y1y7hA,生成代码工具sponge使用示例,2023/1/11 22:50,gopher的院子,3519,84,50,344,26,"科技,计算机技术,生成代码,go-sponge,rpcgateway,rpc网关,微服务,go,gin,protobuf,grpc"
https://www.bilibili.com/video/BV1TD4y1H7rk,golang好用的工具库lancet介绍,2023/1/25 18:12,江湖乄夜雨,4421,93,24,273,22,"编程,知识,野生技能协会,学习,golang"
https://www.bilibili.com/video/BV1xx4y1M7hP,go明明是 nil 却不等于 nil 的情况,2023/1/25 21:21,清风Gopher,1321,35,19,44,1,"计算机,编程,程序员,科技,计算机技术,it,学习,go,清风gopher,golang"
https://www.bilibili.com/video/BV1ky4y1d7eT,优雅封装go结构体构造函数,2023/1/25 16:15,清风Gopher,4729,104,38,202,14,"计算机,程序员,科技,计算机技术,优雅,go,it,学习,封装,清风gopher,结构体,golang"
https://www.bilibili.com/video/BV1zK411k7WV,程序的目录结构,2023/1/19 21:05,痴货发明家,4681,137,52,244,11,"golang,科技,计算机技术,go,目录结构,go语言"
https://www.bilibili.com/video/BV1o24y167ac,go struct 该用值定义方法还是用指针？,2023/1/20 22:02,新生代农民工啊,5128,94,34,131,13,"用知识过好新的一年,编程,必剪创作,科技,计算机技术,golang,后端开发,互联网技术,我在b站跨年"
https://www.bilibili.com/video/BV1h24y1r728,go defer的五个坑点与技巧,2023/1/25 23:00,清风Gopher,1772,57,34,123,4,"计算机,编程,程序员,科技,计算机技术,go,学习,it,教程,清风gopher,golang,编程开发"
https://www.bilibili.com/video/BV15X4y1j7yE,golang验证库validator，golang项目开发必备技能,2023/8/9 10:01,郭宏志-老郭,1577,37,12,87,9,"知识,职业职场,golang,go语言"
https://www.bilibili.com/video/BV1Gu411774c,代码自动生成工具hz,2023/8/18 12:09,郭宏志-老郭,659,14,11,12,2,"知识,职业职场,微服务,golang,go语言,字节,hertz"
https://www.bilibili.com/video/BV1eu4y1Q7cX,字节微服务框架hertz简介，golang项目开发必备技能,2023/8/18 11:44,郭宏志-老郭,599,10,4,13,3,"知识,职业职场,golang微服务,golang,golang教程,go语言,字节,hertz,go教程"
https://www.bilibili.com/video/BV12k4y1L7U6,golang专题-字节微服务框架kitex,2023/5/19 15:13,郭宏志-老郭,1496,19,9,51,1,"知识,职业职场,golang微服务,kitex,golang,golang教程,go语言,go教程,go微服务"
https://www.bilibili.com/video/BV1Hh411c74p,golang微服务框架go-kit，go-kit基本概念,2023/5/25 12:44,郭宏志-老郭,401,6,0,1,1,"知识,职业职场,go-kit,golang微服务,gokit,golang,go语言,go教程,go微服务"
https://www.bilibili.com/video/BV16M4y1v71s,golang微服务框架go-kit，第一个go-kit应用,2023/5/25 12:32,郭宏志-老郭,459,11,0,8,0,"知识,职业职场,go-kit,golang微服务,gokit,golang,go语言,go教程,go微服务"
https://www.bilibili.com/video/BV1Mh4y1Z7WS,golang微服务框架go-kit，go-kit endpoints,2023/5/25 16:16,郭宏志-老郭,210,5,0,2,0,"知识,职业职场,go-kit,gokit,golang,golang教程,go语言,go教程"
https://www.bilibili.com/video/BV1bP411Q7pd,golang微服务框架go-kit，go-kit endpoint定义,2023/5/25 16:20,郭宏志-老郭,298,4,0,1,1,"知识,职业职场,go-kit,golang微服务,gokit,golang,go语言,go微服务"
https://www.bilibili.com/video/BV1mT41147jE,golang微服务框架go-kit，go kit endpoint 请求和响应转换,2023/5/26 8:46,郭宏志-老郭,414,3,0,1,0,"知识,职业职场,go-kit,golang微服务,gokit,golang,go语言,go微服务"
https://www.bilibili.com/video/BV17u4y1f76k,golang微服务框架go-kit，go-kit endpoint链式操作,2023/5/25 16:44,郭宏志-老郭,332,6,0,0,0,"知识,职业职场,go-kit,golang微服务,gokit,golang,go语言,go微服务"
https://www.bilibili.com/video/BV1rM4y1v76v,golang微服务框架go-kit，go kit endpoint 中间件,2023/5/26 11:11,郭宏志-老郭,527,7,2,1,0,"知识,职业职场,golang微服务,又是一年毕业季,golang,golang教程,go教程,go微服务"
https://www.bilibili.com/video/BV1d24y1N7Bc,golang微服务框架go-kit，go-kit简介,2023/5/25 10:33,郭宏志-老郭,457,8,4,5,0,"知识,职业职场,golang微服务,golang,go语言,go教程,go微服务"
https://www.bilibili.com/video/BV1h3411R7VT,goframe框架，goframe orm模型创建,2023/1/26 15:18,郭宏志-老郭,222,9,6,2,0,"知识,校园学习,goframe,go,golang,golang教程,go语言,go教程"
https://www.bilibili.com/video/BV1GM411i7FA,goframe框架，goframe orm更新和删除,2023/1/31 8:44,郭宏志-老郭,212,7,3,4,0,"知识,校园学习,goframe,go,golang,golang教程,go语言,go教程"
https://www.bilibili.com/video/BV1cv4y1k7WA,goframe框架，goframe orm模型创建,2023/1/26 14:32,郭宏志-老郭,238,6,0,6,0,"知识,校园学习,goframe,go,golang,golang教程,go语言,go教程"
https://www.bilibili.com/video/BV1dM411v7Dp,goframe框架，goframe查询-scan,2023/1/31 10:23,郭宏志-老郭,350,6,0,4,0,"知识,校园学习,goframe,go,golang,go语言,go教程"
https://www.bilibili.com/video/BV1iD4y1E7Pz,goframe框架，goframe orm配置,2023/1/26 11:28,郭宏志-老郭,364,6,2,3,1,"知识,校园学习,goframe,go,golang,golang教程,go语言,go教程"
https://www.bilibili.com/video/BV11R4y187GM,goframe框架，goframe orm配置,2023/1/26 12:24,郭宏志-老郭,190,4,0,1,1,"知识,校园学习,goframe,go,golang,golang教程,go语言,go教程"
https://www.bilibili.com/video/BV1z3411d7F6,goframe框架，goframe服务配置,2023/1/16 13:14,郭宏志-老郭,329,7,6,2,0,"知识,校园学习,goframe,go,golang,golang教程,go语言"
https://www.bilibili.com/video/BV1sG4y1w7n4,goframe session,2023/1/17 12:13,郭宏志-老郭,693,9,10,10,0,"知识,校园学习,goframe,go,golang,golang教程,go语言"
https://www.bilibili.com/video/BV17L411Y7q4,golang 面试题-题目：go 两个接口之间可以存在什么关系？,2023/4/23 10:08,郭宏志-老郭,336,4,2,3,3,"知识,校园学习,go,接口,golang,go语言,golang面试题,go面试题"
https://www.bilibili.com/video/BV1jX4y1675Z,golang 面试题-题目：与其他语言相比，使用go有什么好处,2023/4/21 8:50,郭宏志-老郭,811,8,2,27,3,"知识,校园学习,go,golang,go语言,golang面试题,go面试题"
https://www.bilibili.com/video/BV1RL411a77o,golang 面试题-题目：go 语言中 cap 函数可以作用于哪些内容？,2023/4/24 10:21,郭宏志-老郭,458,6,0,1,2,"知识,校园学习,go,go语言,golang,go语言面试题,golang面试题,go面试题"
https://www.bilibili.com/video/BV1Wv4y1E74g,golang 面试题-题目：go 当中同步锁有什么特点？作用是什么？,2023/4/23 10:10,郭宏志-老郭,456,5,0,3,0,"知识,校园学习,go,golang,go语言,go语言面试题,golang面试题,go面试题"
https://www.bilibili.com/video/BV18v4y1E7NH,golang 面试题-题目：gol包如何使用,2023/4/21 10:17,郭宏志-老郭,477,5,0,4,0,"知识,校园学习,go,golang,go语言,golang面试题,go面试题"
https://www.bilibili.com/video/BV1iP411S799,golang 面试题-题目：golang数据类型有哪些,2023/4/21 9:21,郭宏志-老郭,374,4,1,3,1,"知识,校园学习,go,数据类型,golang,go语言,golang面试题,go面试题"
https://www.bilibili.com/video/BV1NV4y1o7s3,golang 面试题-题目：如何在运行时检查变量类型？,2023/4/22 10:32,郭宏志-老郭,435,3,0,2,0,"面试,知识,校园学习,go,面试题,golang,go语言,golang面试题,go面试题"
https://www.bilibili.com/video/BV1xa4y1P7rb,golang 面试题-题目：go 语言当中 channel（通道）有什么特点，需要注意什么？,2023/4/24 10:18,郭宏志-老郭,258,5,0,0,1,"知识,校园学习,go,通道,go语言,golang面试题,go语言面试题,go面试题"
https://www.bilibili.com/video/BV12T411n767,golang 面试题-题目：go 语言当中 channel 缓冲有什么特点？,2023/4/24 10:19,郭宏志-老郭,287,6,0,4,0,"知识,校园学习,go,通道,go语言,go语言面试题,golang面试题,go面试题"
https://www.bilibili.com/video/BV1BN411A7ac,golang操作excel,2023/4/4 13:24,郭宏志-老郭,2520,47,12,111,3,"excel,知识,校园学习,go语言,golang"
https://www.bilibili.com/video/BV1Mg4y1M7dh,高效学golang,2023/4/20 11:06,郭宏志-老郭,1818,52,10,27,1,"知识,校园学习,golang,go语言"
https://www.bilibili.com/video/BV1UV4y1f7AH,vscode 快速实现接口方法插件,2023/4/7 9:11,郭宏志-老郭,767,6,0,12,2,"知识,校园学习,插件,golang,vscode,go语言"
https://www.bilibili.com/video/BV19o4y1H7D5,vscode快速生成结构体标签插件,2023/4/6 12:02,郭宏志-老郭,1083,13,3,14,1,"知识,校园学习,插件,golang,vscode,go语言"
https://www.bilibili.com/video/BV1px4y1L7SL,再议golang接口,2023/2/10 9:52,郭宏志-老郭,1094,27,8,15,2,"知识,校园学习,接口,golang,go语言"
https://www.bilibili.com/video/BV1XY411i7MN,如何处理golang中类（结构体）之间的依赖关系,2023/2/14 15:44,郭宏志-老郭,969,30,14,43,2,"知识,校园学习,go,golang,go语言,go教程"
https://www.bilibili.com/video/BV1iR4y1e7zi,goframe 数据返回,2023/1/16 13:03,郭宏志-老郭,313,9,4,4,0,"知识,校园学习,goframe,go,golang,go语言"
https://www.bilibili.com/video/BV1XG4y1k7Tk,goframe框架，goframe中间件和拦截器,2023/1/14 13:21,郭宏志-老郭,345,8,4,6,0,"知识,职业职场,goframe,go,golang,go语言,中间件"
https://www.bilibili.com/video/BV1K14y1M7Rf,goframe cookie,2023/1/17 11:45,郭宏志-老郭,223,7,4,3,0,"知识,校园学习,goframe,go,golang,golang教程,go语言"
https://www.bilibili.com/video/BV1ZG4y1S7fP,goframe框架，goframe where,2023/1/31 9:24,郭宏志-老郭,208,7,4,4,0,"知识,校园学习,goframe,go,golang,golang教程,go语言,go教程"
https://www.bilibili.com/video/BV1dA411Z773,goframe框架，goframe web服务,2023/1/13 15:06,郭宏志-老郭,502,14,2,6,0,"知识,职业职场,goframe,go,golang,go语言"
https://www.bilibili.com/video/BV1rR4y127Ur,goframe框架，goframe web服务,2023/1/13 13:18,郭宏志-老郭,539,13,7,7,1,"知识,职业职场,goframe,golang,go语言"
https://www.bilibili.com/video/BV1uY41197A2,goframe web服务-路由注册,2023/1/14 11:37,郭宏志-老郭,347,9,2,4,0,"知识,职业职场,goframe,go,golang,go语言"
https://www.bilibili.com/video/BV1tW4y137Jq,goframe web服务请求参数,2023/1/15 10:59,郭宏志-老郭,258,6,4,4,0,"知识,校园学习,goframe,go,golang,go语言"
https://www.bilibili.com/video/BV1KT411m7xY,goframe输入参数种类,2023/1/15 11:48,郭宏志-老郭,240,4,2,2,1,"知识,校园学习,goframe,go,golang,go语言"
https://www.bilibili.com/video/BV1ys4y1m7kA,golang电商微服务项目-将货币微服务注册到consul,2023/4/12 12:48,郭宏志-老郭,672,6,0,1,0,"知识,校园学习,项目,golang,go语言"
https://www.bilibili.com/video/BV1Qo4y1H7aL,golang大型电商项目-项目简介,2023/4/6 10:23,郭宏志-老郭,1641,29,17,49,2,"知识,校园学习,golang项目实战,go项目实战,golang,go语言,golang"
https://www.bilibili.com/video/BV1Qj411c7LD,golang电商微服务项目-项目架构,2023/4/12 12:45,郭宏志-老郭,334,5,0,6,0,"知识,职业职场,golang项目实战,go项目实战,golang,go语言"
https://www.bilibili.com/video/BV1t24y157Mn,golang项目实战-第二讲项目架构、术语和运行,2023/4/6 10:26,郭宏志-老郭,693,11,2,9,1,"知识,校园学习,golang项目实战,go项目实战,golang,go语言"
https://www.bilibili.com/video/BV1UM411N7T8,golang项目实战二简介,2023/4/11 11:15,郭宏志-老郭,783,8,2,10,0,"知识,职业职场,项目,golang,go语言"
https://www.bilibili.com/video/BV17L41127ht,golang综合项目实战项目总结,2023/4/11 9:43,郭宏志-老郭,509,10,4,6,0,"知识,校园学习,golang,go语言,实战项目"
https://www.bilibili.com/video/BV1H24y1w7G3,golang电商微服务项目-创建货币微服务,2023/4/12 12:46,郭宏志-老郭,253,4,0,4,1,"知识,职业职场,golang项目实战,go项目实战,golang,go语言"
https://www.bilibili.com/video/BV1sL41127Jv,golang电商微服务项目-创建货币微服务处理器,2023/4/12 12:47,郭宏志-老郭,241,4,0,1,0,"知识,校园学习,项目,golang"
https://www.bilibili.com/video/BV1id4y1H7v8,goframe框架，goframe查询-all-one-array-value-count,2023/1/31 10:01,郭宏志-老郭,190,7,2,4,0,"知识,校园学习,goframe,go,golang,golang教程,go语言,go教程"
https://www.bilibili.com/video/BV16V41157C4,golang限流，防攻击、防雪崩、保护服务，有理论、有实战，说干就干。,2023/7/31 15:39,郭宏志-老郭,2029,52,18,145,28,"知识,校园学习,限流,golang,golang教程,go语言,go教程"
https://www.bilibili.com/video/BV1rg4y1V7ur,golang专题-golang访问权限控制框架casbin,2023/5/16 9:19,郭宏志-老郭,797,10,2,8,0,"知识,职业职场,casbin,2023毕业季,golang,golang教程,go语言,go教程"
https://www.bilibili.com/video/BV1vs4y1g7Gq,golang专题-go验证码,2023/5/15 14:35,郭宏志-老郭,951,17,6,27,1,"知识,职业职场,golang验证码,golang,golang教程,go语言,go验证码"
https://www.bilibili.com/video/BV16s4y1B78M,golang专题-golang使用swagger生成api接口文档,2023/5/17 11:24,郭宏志-老郭,1227,19,4,49,2,"知识,校园学习,2023毕业季,golang,golang教程,go语言,swagger,go教程"
https://www.bilibili.com/video/BV14o4y157Z9,题目：go 支持什么形式的类型转换？,2023/4/22 10:32,郭宏志-老郭,295,5,2,1,0,"知识,校园学习,go,golang,go语言,golang面试题,go面试题"
https://www.bilibili.com/video/BV1t14y1f7i2,题目：什么是 goroutine？你如何停止它？,2023/4/22 10:32,郭宏志-老郭,393,5,0,4,0,"知识,校园学习,go,golang,go语言,golang面试题,go面试题"
https://www.bilibili.com/video/BV1hh4y1C7Tx,golang context详解，golang硬核难点、笔面试必备技能,2023/8/2 17:51,郭宏志-老郭,2493,69,24,167,22,"知识,校园学习,golang,golang教程,go语言"
https://www.bilibili.com/video/BV1fu411H7qW,golang双向链表，golang硬核难点、笔面试必备技能,2023/8/3 10:19,郭宏志-老郭,905,20,6,23,6,"知识,校园学习,golang,go语言"
https://www.bilibili.com/video/BV1fD4y1M7fb,golang并发编程，工作面试必备技能,2023/3/10 9:14,郭宏志-老郭,1042,14,9,15,3,"知识,校园学习,go并发编程,golang并发编程,go语言,golang"
https://www.bilibili.com/video/BV1HM411s7vL,golang网络编程，工作面试必备技能,2023/3/9 12:04,郭宏志-老郭,1126,14,8,19,2,"知识,校园学习,网络编程,golang,go语言"
https://www.bilibili.com/video/BV1fX4y177Lf,go语言工具函数库lancet，golang项目必备技能,2023/8/8 18:03,郭宏志-老郭,4398,115,31,316,23,"知识,职业职场,go,golang"
https://www.bilibili.com/video/BV1wz4y147EC,【go微服务开发】1. gin+micro v4+rabbitmq+etcd 项目简介,2023/7/29 13:19,小生凡一,12000,237,114,521,72,"程序员,科技,计算机技术,go,开发,微服务,编程开发"
https://www.bilibili.com/video/BV1894y1e71J,【go微服务开发】2. 配置文件,2023/8/1 22:43,小生凡一,1085,37,11,39,1,"编程,科技,计算机技术,go,开发,微服务"
https://www.bilibili.com/video/BV1N44y1A7wh,【go微服务开发】3. mysql数据库连接,2023/8/8 9:32,小生凡一,616,18,11,28,0,"分享我的专业知识,编程,科技,计算机技术,开发,go,微服务,mysql,编程开发,万物研究所·奖学金计划"
https://www.bilibili.com/video/BV1A14y1B7iY,【go微服务开发】6. 网关调用user模块,2023/8/14 8:20,小生凡一,723,17,12,23,2,"分享我的专业知识,科技,计算机技术,开发,go,服务,微服务,网关,万物研究所·奖学金计划"
https://www.bilibili.com/video/BV16j411d7g3,【go语言开发】写一个搜索引擎小demo,2023/7/15 12:06,小生凡一,12000,378,266,661,75,"分享我的专业知识,编程,程序员,科技,计算机技术,开发,搜索引擎,go语言,万物研究所·奖学金计划"
https://www.bilibili.com/video/BV1C14y127sv,golang接口超时控制,2023/6/26 6:34,高性能golang,5782,128,52,158,13,"编程,科技,计算机技术,编程语言,超时,接口,go,golang,go语言"
https://www.bilibili.com/video/BV1Ws4y1r7mT,go面试-map加上sync.mutex互斥锁会有并发问题吗8-8,2023/6/27 0:09,误入歧途的先森,2960,58,23,120,4,"面试,职场,必剪创作,知识,职业职场,学习,教程,golang语言,go,go语言,go语法"
https://www.bilibili.com/video/BV1nV411u7Sd,go面试-手写阻塞读且并发安全的map，1.5倍速更佳，现场撸代码，并讲解思路-10,2023/7/9 15:48,误入歧途的先森,1746,46,11,93,6,"必剪创作,知识,职业职场,学习,教程,golang语言,并发读写,锁,并发,go,map,go语言"
https://www.bilibili.com/video/BV1HF41197UR,go笔试-限制ip频繁访问和原子性自增操作-高并发锁与map安全-11,2023/7/11 23:39,误入歧途的先森,2524,80,16,214,8,"必剪创作,知识,职业职场,学习,教程,读写锁,golang语言,协程安全,并发,go,go语言,协程"
https://www.bilibili.com/video/BV1TP411W7eu,爬虫能做什么，不能做什么,2023/8/26 10:20,高性能golang,983,18,2,4,1,"科技,计算机技术,爬虫,go,go语言"
https://www.bilibili.com/video/BV1Gh4y1W7eV,golang到底何时会死锁,2023/4/26 20:20,高性能golang,1656,27,12,39,2,"科技,计算机技术,死锁,go,golang,go语言"
https://www.bilibili.com/video/BV1VV4y1C7Ye,gin网络编程,2023/5/16 20:20,高性能golang,3599,62,28,131,7,"科技,计算机技术,网络编程,go,golang,gin,go语言"
https://www.bilibili.com/video/BV19P411R72a,逆袭上岸！将我成功入职字节跳动的golang教程，总共100多集，免费分享给大家~拿走不谢！学不会退出it界！,2023/5/15 23:17,Golang技术栈,2342,38,29,259,3,"科技,计算机技术,分布式中间件,工程组件,golang,docker,gin,go语言,k8s,云原生,orm,grpc"
https://www.bilibili.com/video/BV1yT411673k,2023年最新golang（go语言）全栈教程，包含云原生，分布式中间件，基础组件等多个部分，让你从小白变成大佬，offer拿到手软！,2023/3/21 21:40,Golang技术栈,2139,23,20,165,2,"程序员,科技,计算机技术,it,2023年,最新,分布式,golang,组件,go语言,中间件,云原生"
https://www.bilibili.com/video/BV1n84y1w7JU,2023年最新golang入门到精通教程最新出炉！包含所有go语言核心技术点（微服务/分布式/工程组件/并发编程/k8s/docker/云原生/go实战项目）,2023/3/18 22:37,零声教育_小旷吖,3346,53,34,314,19,"科技,计算机技术,gin框架,k8s教程,go项目实战,golang教程,go微服务,goloang,go中间件,go语言,docker,devops"
https://www.bilibili.com/video/BV1WX4y1k7Yk,2023b站最强golang云原生入门教程，从写下第一个脚本到年薪40w。本教程包含(go语言/分布式/微服务/devops/k8s二开),2023/4/5 18:00,Linux-技术大师,1743,28,20,170,16,"科技,计算机技术,golang框架,golang特性,微服务,c++,docker,golang,go语言,k8s,并发编程,云原生"
https://www.bilibili.com/video/BV15P41197cd,golang最新超详细版教程通俗易懂，带你轻松掌握golang所有核心知识点（go基础，go进阶，go并发，go框架，go云原生，go实战），全程干货，无废话！,2023/5/19 10:30,Linux-技术大师,3445,47,18,310,14,"知识,野生技能协会,golang框架,golang项目实战,golang云原生,golang并发编程,golang基础入门,golang,docker,golang教程,go语言,k8s"
https://www.bilibili.com/video/BV1AT411b7LJ,【golang教程】爆肝两个月！拜托三连了！这绝对是全b站最用心（没有之一）的golang+实战公开教程，从入门到（不）入狱！,2023/5/16 16:57,零声教育_雨眠老师,1318,25,9,141,12,"知识,野生技能协会,golang开发,golang教程,golang项目实战,golang实战,golang并发编程,golang基础,golang框架,go语言,c++,golang"
https://www.bilibili.com/video/BV1e14y1m7ar,耗时数月整理的golang就业教程，完整版200集，全程干货无废话，学完立即上岗《零基础入门学习go》！15天让你编程水平有着质的飞跃~,2023/6/16 17:25,零声教育_雨眠老师,4036,45,23,369,20,"科技,计算机技术,编程语言,golang开发,golang入门,golang项目实战,golangweb,golang并发编程,go语言,golang,golang教程,云原生"
https://www.bilibili.com/video/BV1CV4y1D7A4,【2023最新】28个golang实战项目，练完即可就业，从入门到进阶，基础到框架，你想要的全都有，建议码住,2023/3/28 13:00,零声教育_雨眠老师,6324,133,88,971,24,"计算机,编程,程序员,知识,野生技能协会,golang教程,golang项目,golang基础,go语言,计算机技术,golang,实战项目"
https://www.bilibili.com/video/BV1Da4y1c7pt,【附源码】b站最新的golang云原生实战项目教程，非常适合小白练手的实战项目！（6月最新录制）,2023/6/30 13:21,零声教育_雨眠老师,866,15,8,114,9,"编程,程序员,知识,野生技能协会,golang开发,golang微服务,golang项目实战,golang云原生,golangweb框架,go语言,golang,golang教程"
https://www.bilibili.com/video/BV1rN41117Uv,【附源码】超实用的15个golang云原生企业级实战案例，7天练完，练完即可就业~练手/项目经验/毕设,2023/6/3 16:40,零声教育_雨眠老师,778,22,13,94,15,"科技,计算机技术,golang微服务,golang项目实战,golang项目,chatgpt,golang,docker,golang教程,go语言,grpc,etcd"
https://www.bilibili.com/video/BV1qx4y1X7fX,golang开发实战项目，手把手带你写代码，不再为简历中没有项目而发愁，从基础到框架，从入门到进阶~,2023/8/2 14:45,零声教育_雨眠老师,404,6,2,9,3,"知识,野生技能协会,gin框架,validator,golang云原生,golang项目,微服务,golang,go语言,rpc框架,etcd,golang实战"
https://www.bilibili.com/video/BV1qh4y1w7ha,18个golang原生实战项目（附源码），练完即可就业，从入门到进阶，基础到框架，你想要的在这里都会得到满足，建议码住，允许白嫖！,2023/8/4 16:05,Linux-技术大师,554,14,15,46,5,"科技,计算机技术,golang微服务,golang云原生,golang项目,golangweb框架,go语言,分布式,golang,devops,golang教程,golang实战"
https://www.bilibili.com/video/BV1js4y1r7zB,【附源码】17个golang实战项目+golang云原生教程，超适合小白练手的入门到进阶实战教程！,2023/6/25 20:10,Linux-技术大师,3047,79,54,435,23,"科技,计算机技术,golang框架,golang开发,golang项目,golang,docker,golang教程,web框架,go语言,k8s,golang实战"
https://www.bilibili.com/video/BV1Qj411D7A6,字节大佬耗时一周整理完的golang项目实战教程，完整版200集，练完即可成神，年薪24w不在话下，大厂offer拿到手软！让你编程水平有着质的飞跃~,2023/6/17 17:47,Linux-技术大师,1810,26,13,210,16,"知识,野生技能协会,gin框架,golang框架,golang开发,golang项目实战,golang,docker,web框架,go语言,k8s,grpc"
https://www.bilibili.com/video/BV1Mh411M7AJ,拜托三连了！这绝对是b站最用心（没有之一）的golang云原生架构师课程，耗时千余小时开发！,2023/6/18 19:35,Linux-技术大师,7410,96,68,578,29,"科技,计算机技术,golang开发,golang微服务,golang项目实战,云原生架构师,公有云实战,golangweb框架,go语言,golang,golang教程,并发编程"
https://www.bilibili.com/video/BV19a4y1G7HM,【golang教程】全部100集，字节跳动终于整理出了go语言的完整教程！持续更新中~,2023/5/6 23:10,AIT_快知名UP煮,2300,47,17,219,6,"计算机,编程,程序员,知识,野生技能协会,c++,it,go语言教程,计算机技术,python,java,golang"
https://www.bilibili.com/video/BV1Vh4y1p7qE,从零开始，8周轻松掌握go语言：一套全面易懂的教程！golang编程开发\项目实战\安装\微服务\web,2023/4/23 20:38,AIT_快知名UP煮,668,12,11,62,1,"计算机,编程,程序员,知识,野生技能协会,知识,it,编程语言,计算机技术,golang,go语言,编程开发"
https://www.bilibili.com/video/BV1rp4y1V7WS,【附源码】16个golang编写的实战项目，从小白到大神全栈（go语言/分布式/微服务/devops/docker/k8s二开）,2023/8/5 19:36,Qt_Operator,514,8,8,30,3,"程序员,知识,野生技能协会,golang框架,golang云原生,golang项目,docker,golang,golang教程,go语言,k8s,golang实战"
https://www.bilibili.com/video/BV1PF411R7FK,【go企业级实战项目合集】17款golang开发项目案例！深入底层原理，手把手教你用代码实现，带你彻底掌握go语言，持续更新中~,2023/7/3 21:24,Qt_Operator,3460,55,40,282,14,"科技,计算机技术,golang项目,golangweb框架,分布式,微服务,golang,devops,golang教程,go语言,grpc,golang实战"
https://www.bilibili.com/video/BV1xV4y1B7R1,go语言书城项目实战,2023/5/26 0:00,Mainovo,3475,66,27,371,15,"科技,计算机技术,编程语言,go,it,网站实战,计算机语言,区块链,以太坊,项目实战,购物商城,书城,是老师，也是up主！"
https://www.bilibili.com/video/BV1os4y1K7Jr,go语言实战租房项目开发,2023/5/24 0:36,Mainovo,1870,40,12,191,5,"租房,科技,计算机技术,go,it,编程语言,教程,网站实战,实战,项目开发,计算机语言,web,哔哩哔哩二创季"